domain,status,careers_url,pattern_matched
53.com,FOUND,https://www.53.com/careers,https://53.com/careers
goldmansachs.com,FOUND,https://www.goldmansachs.com/careers,https://goldmansachs.com/careers
regions.com,FOUND,https://regions.com/careers,https://regions.com/careers
wellsfargo.com,FOUND,https://www.wellsfargo.com/about/careers/?utm_medium=www-redirect&utm_source=careers,https://wellsfargo.com/careers
morganstanley.com,FOUND,https://www.morganstanley.com/people,https://morganstanley.com/careers
mtb.com,FOUND,https://www.mtb.com/careers,https://mtb.com/careers
truist.com,FOUND,https://careers.truist.com/us/en,https://truist.com/careers
citizensbank.com,FOUND,https://jobs.citizensbank.com/,https://jobs.citizensbank.com
usbank.com,FOUND,https://careers.usbank.com/global/en,https://usbank.com/careers
td.com,FOUND,https://careers.td.com/,https://jobs.td.com
ally.com,FOUND,https://www.ally.com/about/careers/,https://ally.com/careers
citi.com,FOUND,https://jobs.citi.com/,https://jobs.citi.com
discover.com,FOUND,https://www.capitalonecareers.com/discover,https://jobs.discover.com
jpmorgan.com,FOUND,https://www.jpmorganchase.com/careers?redirect=careers_jpm,https://jpmorgan.com/careers
americanexpress.com,FOUND,https://www.americanexpress.com/en-us/careers/,https://americanexpress.com/careers
bmo.com,FOUND,https://jobs.ashbyhq.com/bmo,https://jobs.ashbyhq.com/bmo
bankofamerica.com,FOUND,https://jobs.ashbyhq.com/bankofamerica,https://jobs.ashbyhq.com/bankofamerica
allstate.com,FOUND,https://www.allstatecorporation.com/careers.aspx,https://allstate.com/careers
geico.com,FOUND,https://careers.geico.com/us/en/,https://geico.com/careers
statefarm.com,FOUND,https://www.statefarm.com/careers,https://statefarm.com/careers
schwab.com,FOUND,https://jobs.ashbyhq.com/schwab,https://jobs.ashbyhq.com/schwab
newyorklife.com,FOUND,https://www.newyorklife.com/careers,https://newyorklife.com/careers
travelers.com,FOUND,https://careers.travelers.com/,https://travelers.com/careers
synchrony.com,FOUND,https://www.synchronycareers.com/,https://synchrony.com/careers
principal.com,FOUND,https://www.principal.com/about-us/careers,https://principal.com/careers
northwesternmutual.com,FOUND,https://www.northwesternmutual.com/careers,https://northwesternmutual.com/careers
massmutual.com,FOUND,https://careers.massmutual.com/,https://careers.massmutual.com
progressive.com,FOUND,https://jobs.ashbyhq.com/progressive,https://jobs.ashbyhq.com/progressive
aflac.com,FOUND,https://careers.aflac.com,https://aflac.com/careers
lfg.com,FOUND,https://www.lincolnfinancial.com/public/aboutus/careers,https://lfg.com/careers
blackrock.com,FOUND,https://careers.blackrock.com,https://blackrock.com/careers
metlife.com,FOUND,https://www.metlifecareers.com/en_US/ml,https://metlife.com/careers
troweprice.com,FOUND,https://www.troweprice.com/en/us/careers?van=Careers,https://troweprice.com/careers
chubb.com,FOUND,https://fa-ewgu-saasfaprod1.fa.ocs.oraclecloud.com/hcmUI/CandidateExperience/en/sites/CX_2001,https://chubb.com/careers
plaid.com,FOUND,https://plaid.com/careers/,https://plaid.com/careers
ramp.com,FOUND,https://ramp.com/careers,https://ramp.com/careers
mercury.com,FOUND,https://mercury.com/jobs,https://mercury.com/careers
bnymellon.com,FOUND,https://www.bny.com/corporate/global/en/about-us/careers/work-with-us.html,https://bnymellon.com/careers
statestreet.com,FOUND,https://careers.statestreet.com/global/en,https://statestreet.com/careers
libertymutual.com,FOUND,https://jobs.ashbyhq.com/libertymutual,https://jobs.ashbyhq.com/libertymutual
stripe.com,FOUND,https://stripe.com/jobs,https://stripe.com/careers
robinhood.com,FOUND,https://careers.robinhood.com/,https://robinhood.com/careers
rippling.com,FOUND,https://www.rippling.com/careers,https://rippling.com/careers
vanguard.com,FOUND,https://jobs.ashbyhq.com/vanguard,https://jobs.ashbyhq.com/vanguard
gusto.com,FOUND,https://job-boards.greenhouse.io/gusto,https://boards.greenhouse.io/gusto
fidelity.com,FOUND,https://jobs.ashbyhq.com/fidelity,https://jobs.ashbyhq.com/fidelity
affirm.com,FOUND,https://www.affirm.com/careers,https://affirm.com/careers
carta.com,FOUND,https://job-boards.greenhouse.io/carta,https://carta.com/jobs
brex.com,FOUND,https://jobs.ashbyhq.com/brex,https://jobs.ashbyhq.com/brex
capitalone.com,FOUND,https://jobs.ashbyhq.com/capitalone,https://jobs.ashbyhq.com/capitalone
klarna.com,FOUND,https://www.klarna.com/careers/,https://klarna.com/careers
unitedhealthgroup.com,FOUND,https://www.unitedhealthgroup.com/careers/en/work.html,https://unitedhealthgroup.com/careers
squareup.com,FOUND,https://careers.squareup.com/us/en,https://squareup.com/careers
elevancehealth.com,FOUND,https://careers.elevancehealth.com,https://elevancehealth.com/careers
chime.com,FOUND,https://jobs.ashbyhq.com/chime,https://jobs.ashbyhq.com/chime
humana.com,FOUND,https://careers.humana.com/us/en,https://careers.humana.com
sofi.com,FOUND,https://www.sofi.com/careers/,https://sofi.com/careers
commonspirit.org,FOUND,https://www.commonspirit.careers,https://commonspirit.org/careers
paypal.com,FOUND,https://jobs.ashbyhq.com/paypal,https://jobs.ashbyhq.com/paypal
domain,FOUND,https://jobs.ashbyhq.com/domain,https://jobs.ashbyhq.com/domain
kaiserpermanente.org,FOUND,https://www.kaiserpermanentejobs.org/?kp_shortcut_referrer=kp.org/careers,https://kaiserpermanente.org/careers
key.com,FOUND,https://keybank.wd5.myworkdayjobs.com/External_Career_Site,https://careers.key.com
cigna.com,FOUND,https://jobs.thecignagroup.com/us/en,https://cigna.com/careers
huntington.com,FOUND,https://huntington-careers.com/,https://careers.huntington.com
centene.com,FOUND,https://jobs.ashbyhq.com/centene,https://jobs.ashbyhq.com/centene
pfizer.com,FOUND,https://www.pfizer.com/about/careers,https://pfizer.com/careers
hopkinsmedicine.org,FOUND,https://jobs.hopkinsmedicine.org/,https://jobs.hopkinsmedicine.org
clevelandclinic.org,FOUND,https://jobs.clevelandclinic.org/,https://clevelandclinic.org/careers
pnc.com,FOUND,https://careers.pnc.com/global/en,https://careers.pnc.com
cvshealth.com,FOUND,https://jobs.cvshealth.com/us/en,https://cvshealth.com/careers
prudential.com,FOUND,https://jobs.prudential.com/,https://jobs.prudential.com
trinity-health.org,FOUND,https://jobs.trinity-health.org/,https://jobs.trinity-health.org
providence.org,FOUND,https://providence.jobs/,https://providence.org/careers
mayo.edu,FOUND,https://jobs.ashbyhq.com/mayo,https://jobs.ashbyhq.com/mayo
medtronic.com,FOUND,https://www.medtronic.com/careers,https://medtronic.com/careers
abbvie.com,FOUND,https://careers.abbvie.com/,https://careers.abbvie.com
regeneron.com,FOUND,https://www.regeneron.com/,https://regeneron.com/careers
bms.com,FOUND,https://careers.bms.com,https://bms.com/careers
bostonscientific.com,FOUND,https://www.bostonscientific.com/en-US/careers.html,https://bostonscientific.com/careers
gilead.com,FOUND,https://www.gilead.com/careers,https://gilead.com/careers
modernatx.com,FOUND,https://www.modernatx.com/en-US/careers/life-at-moderna,https://modernatx.com/careers
ascension.org,FOUND,https://jobs.ascension.org/us/en,https://jobs.ascension.org
merck.com,FOUND,https://jobs.merck.com/us/en,https://merck.com/careers
biogen.com,FOUND,https://jobs.ashbyhq.com/biogen,https://jobs.ashbyhq.com/biogen
ge.com,FOUND,https://jobs.ashbyhq.com/ge,https://jobs.ashbyhq.com/ge
danaher.com,FOUND,https://jobs.danaher.com/global/en,https://jobs.danaher.com
intuitive.com,FOUND,https://jobs.ashbyhq.com/intuitive,https://jobs.ashbyhq.com/intuitive
coinbase.com,FOUND,https://jobs.ashbyhq.com/coinbase,https://jobs.ashbyhq.com/coinbase
caterpillar.com,FOUND,https://jobs.ashbyhq.com/caterpillar,https://jobs.ashbyhq.com/caterpillar
boeing.com,FOUND,https://jobs.boeing.com,https://boeing.com/careers
3m.com,FOUND,https://jobs.ashbyhq.com/3m,https://jobs.ashbyhq.com/3m
honeywell.com,FOUND,https://careers.honeywell.com/en/sites/Honeywell,https://honeywell.com/careers
deere.com,FOUND,https://about.deere.com/en-us/careers/,https://deere.com/careers
northropgrumman.com,FOUND,https://www.northropgrumman.com/careers,https://northropgrumman.com/careers
thermofisher.com,FOUND,https://jobs.thermofisher.com/global/en,https://jobs.thermofisher.com
gd.com,FOUND,https://www.gd.com/careers,https://gd.com/careers
abbott.com,FOUND,https://www.abbott.com/en-us/careers,https://abbott.com/careers
rivian.com,FOUND,https://careers.rivian.com/careers-home/,https://rivian.com/careers
rtx.com,FOUND,https://careers.rtx.com/global/en,https://rtx.com/careers
hcahealthcare.com,FOUND,https://jobs.ashbyhq.com/hcahealthcare,https://jobs.ashbyhq.com/hcahealthcare
cummins.com,FOUND,https://cummins.jobs/,https://jobs.cummins.com
amgen.com,FOUND,https://careers.amgen.com/en,https://careers.amgen.com
gm.com,FOUND,https://www.gm.com/content/public/us/en/gm/home/404.html,https://gm.com/jobs
rockwellautomation.com,FOUND,https://www.rockwellautomation.com/en-us/careers.html,https://rockwellautomation.com/careers
paccar.com,FOUND,https://jobs.paccar.com/,https://jobs.paccar.com
emerson.com,FOUND,https://www.emerson.com/en-us/careers,https://emerson.com/careers
goodyear.com,FOUND,https://goodyear.com/careers,https://goodyear.com/careers
stellantis.com,FOUND,https://careers.stellantis.com/,https://careers.stellantis.com
irco.com,FOUND,https://careers.irco.com/,https://careers.irco.com
tesla.com,FOUND,https://jobs.ashbyhq.com/tesla,https://jobs.ashbyhq.com/tesla
dow.com,FOUND,https://jobs.dow.com/,https://jobs.dow.com
itw.com,FOUND,https://careers.itw.com/us/en,https://itw.com/careers
dovercorporation.com,FOUND,https://careers.dovercorporation.com/,https://careers.dovercorporation.com
lilly.com,FOUND,https://jobs.ashbyhq.com/lilly,https://jobs.ashbyhq.com/lilly
sherwin-williams.com,FOUND,https://careers.sherwin-williams.com/us/en/home.html,https://sherwin-williams.com/careers
dupont.com,FOUND,https://careers.dupont.com/us/en,https://careers.dupont.com
lockheedmartin.com,FOUND,https://www.lockheedmartin.com/en-us/careers/index.html,https://lockheedmartin.com/careers
eastman.com,FOUND,https://jobs.eastman.com/,https://jobs.eastman.com
exxonmobil.com,FOUND,https://corporate.exxonmobil.com/careers,https://exxonmobil.com/careers
jnj.com,FOUND,https://jobs.ashbyhq.com/jnj,https://jobs.ashbyhq.com/jnj
parker.com,FOUND,https://jobs.ashbyhq.com/parker,https://jobs.ashbyhq.com/parker
valero.com,FOUND,https://www.valero.com/careers,https://valero.com/careers
conocophillips.com,FOUND,https://careers.conocophillips.com/,https://conocophillips.com/careers
phillips66.com,FOUND,https://www.phillips66.com/careers/,https://phillips66.com/careers
nexteraenergy.com,FOUND,https://www.nexteraenergy.com/careers.html,https://nexteraenergy.com/careers
duke-energy.com,FOUND,https://www.duke-energy.com/our-company/careers,https://duke-energy.com/careers
halliburton.com,FOUND,https://careers.halliburton.com,https://halliburton.com/careers
slb.com,FOUND,https://careers.slb.com/,https://slb.com/careers
exeloncorp.com,FOUND,https://jobs.exeloncorp.com/careers-home/,https://jobs.exeloncorp.com
southerncompany.com,FOUND,https://southerncompany.jobs/,https://southerncompany.com/careers
dominionenergy.com,FOUND,https://careers.dominionenergy.com/,https://careers.dominionenergy.com
ppg.com,FOUND,https://careers.ppg.com/us/en,https://careers.ppg.com
aep.com,FOUND,https://www.aep.com/careers/,https://aep.com/careers
xcelenergy.com,FOUND,https://jobs.xcelenergy.com/?&utm_source=CorpSite&utm_campaign=XECareers,https://xcelenergy.com/careers
bakerhughes.com,FOUND,https://careers.bakerhughes.com/global/en,https://bakerhughes.com/careers
marathonpetroleum.com,FOUND,https://jobs.ashbyhq.com/marathonpetroleum,https://jobs.ashbyhq.com/marathonpetroleum
target.com,FOUND,https://corporate.target.com/careers,https://target.com/careers
walmart.com,FOUND,https://www.walmart.com/blocked?url=L2NhcmVlcnM=&uuid=3ddcd1d0-fc85-11f0-aea2-1536a3466513&vid=&g=b,https://walmart.com/careers
homedepot.com,FOUND,https://careers.homedepot.com/job-search-results/,https://homedepot.com/careers
ford.com,FOUND,https://jobs.ford.com/careers,https://jobs.ford.com
costco.com,FOUND,https://www.costco.com/careers.html,https://costco.com/careers
edison.com,FOUND,https://www.edisoncareers.com,https://edison.com/careers
pseg.com,FOUND,https://landing.pseg.com/careers,https://pseg.com/careers
publix.com,FOUND,https://jobs.publix.com/,https://publix.com/careers
wegmans.com,FOUND,https://jobs.wegmans.com/en,https://wegmans.com/careers
thekrogerco.com,FOUND,https://www.krogerfamilycareers.com/en/sites/CX_2001,https://thekrogerco.com/careers
rossstores.com,FOUND,https://jobs.rossstores.com/,https://rossstores.com/careers
dollargeneral.com,FOUND,https://careers.dollargeneral.com,https://dollargeneral.com/careers
albertsons.com,FOUND,https://eofd.fa.us6.oraclecloud.com/hcmUI/CandidateExperience/en/sites/CX_1001/pages/4011,https://jobs.albertsons.com
dollartree.com,FOUND,https://careers.dollartree.com/us/en,https://dollartree.com/careers
eaton.com,FOUND,https://eaton.eightfold.ai/careers,https://jobs.eaton.com
sempra.com,FOUND,https://jobs.ashbyhq.com/sempra,https://jobs.ashbyhq.com/sempra
tjx.com,FOUND,https://jobs.tjx.com/global/en,https://jobs.tjx.com
conedison.com,FOUND,https://jobs.ashbyhq.com/conedison,https://jobs.ashbyhq.com/conedison
lowes.com,FOUND,https://talent.lowes.com/us/en,https://lowes.com/careers
stryker.com,FOUND,https://careers.stryker.com/,https://careers.stryker.com
nordstrom.com,FOUND,https://careers.nordstrom.com/,https://careers.nordstrom.com
macysinc.com,FOUND,https://jobs.ashbyhq.com/macysinc,https://jobs.ashbyhq.com/macysinc
carmax.com,FOUND,https://careers.carmax.com/,https://careers.carmax.com
pepsico.com,FOUND,https://www.pepsico.com/en/careers,https://pepsico.com/careers
autozone.com,FOUND,https://careers.autozone.com/hcmUI/CandidateExperience/,https://autozone.com/careers
thecloroxcompany.com,FOUND,https://www.thecloroxcompany.com/careers/,https://thecloroxcompany.com/careers
mondelezinternational.com,FOUND,https://www.mondelezinternational.com/careers/index.html,https://mondelezinternational.com/careers
illumina.com,FOUND,https://jobs.ashbyhq.com/illumina,https://jobs.ashbyhq.com/illumina
coca-colacompany.com,FOUND,https://www.coca-colacompany.com/careers,https://coca-colacompany.com/careers
kimberly-clark.com,FOUND,https://jobs.ashbyhq.com/kimberly-clark,https://jobs.ashbyhq.com/kimberly-clark
generalmills.com,FOUND,https://careers.generalmills.com/careers/?lang=en-US,https://generalmills.com/careers
kellanova.com,FOUND,https://jobs.kellanova.com/,https://jobs.kellanova.com
pg.com,FOUND,https://www.pgcareers.com/us/en,https://pg.com/careers
kohls.com,FOUND,https://careers.kohls.com/,https://careers.kohls.com
hormelfoods.com,FOUND,https://www.hormelfoods.com/careers/,https://hormelfoods.com/careers
tysonfoods.com,FOUND,https://www.tysonfoods.com/careers,https://tysonfoods.com/careers
adm.com,FOUND,https://www.adm.com/careers/,https://adm.com/careers
starbucks.com,FOUND,https://careers.starbucks.com,https://starbucks.com/careers
chipotle.com,FOUND,https://jobs.chipotle.com,https://chipotle.com/careers
kraftheinzcompany.com,FOUND,https://jobs.ashbyhq.com/kraftheinzcompany,https://jobs.ashbyhq.com/kraftheinzcompany
wendys.com,FOUND,https://www.wendys.com/,https://wendys.com/careers
mcdonalds.com,FOUND,https://careers.mcdonalds.com,https://mcdonalds.com/careers
yum.com,FOUND,https://www.yum.com/wps/portal/yumbrands/Yumbrands/careers,https://yum.com/careers
xpo.com,FOUND,https://www.xpo.com/work-with-us/,https://xpo.com/careers
cargill.com,FOUND,https://jobs.cargill.com/,https://jobs.cargill.com
dominos.com,FOUND,https://careers.dominos.com/,https://careers.dominos.com
odfl.com,FOUND,https://www.odfl.com/us/en/careers.html,https://odfl.com/careers
colgatepalmolive.com,FOUND,https://jobs.ashbyhq.com/colgatepalmolive,https://jobs.ashbyhq.com/colgatepalmolive
chevron.com,FOUND,https://careers.chevron.com/,https://careers.chevron.com
conagrabrands.com,FOUND,https://careers.conagrabrands.com/us/en,https://careers.conagrabrands.com
up.com,FOUND,https://job-boards.greenhouse.io/up,https://boards.greenhouse.io/up
jbhunt.com,FOUND,https://careers.jbhunt.com,https://jbhunt.com/careers
bnsf.com,FOUND,https://jobs.bnsf.com/us/en,https://bnsf.com/careers
knight-swift.com,FOUND,https://jobs.ashbyhq.com/knight-swift,https://jobs.ashbyhq.com/knight-swift
schneider.com,FOUND,https://schneiderjobs.com,https://schneider.com/careers
stanleyblackanddecker.com,FOUND,https://jobs.ashbyhq.com/stanleyblackanddecker,https://jobs.ashbyhq.com/stanleyblackanddecker
aa.com,FOUND,https://jobs.ashbyhq.com/aa,https://jobs.ashbyhq.com/aa
nscorp.com,FOUND,https://jobs.nscorp.com/,https://jobs.nscorp.com
ryder.com,FOUND,https://www.ryder.com/en-us/careers,https://ryder.com/careers
delta.com,FOUND,https://jobs.ashbyhq.com/delta,https://jobs.ashbyhq.com/delta
bestbuy.com,FOUND,https://jobs.bestbuy.com/,https://jobs.bestbuy.com
jetblue.com,FOUND,https://careers.jetblue.com/,https://careers.jetblue.com
alaskaair.com,FOUND,https://careers.alaskaair.com/jobs/?lid=vanity-careers,https://alaskaair.com/careers
southwest.com,FOUND,https://careers.southwestair.com/us/en,https://careers.southwest.com
hyatt.com,FOUND,https://jobs.ashbyhq.com/hyatt,https://jobs.ashbyhq.com/hyatt
marriott.com,FOUND,https://careers.marriott.com:443/jobs,https://jobs.marriott.com
caesars.com,FOUND,https://caesars.com/careers,https://caesars.com/careers
oreillyauto.com,FOUND,https://careers.oreillyauto.com/us/en,https://careers.oreillyauto.com
ihg.com,FOUND,https://jobs.ashbyhq.com/ihg,https://jobs.ashbyhq.com/ihg
hertz.com,FOUND,https://www.hertz.com/careers/,https://hertz.com/careers
enterprise.com,FOUND,https://jobs.enterprise.com/jobs/,https://jobs.enterprise.com
fedex.com,FOUND,https://careers.fedex.com/,https://careers.fedex.com
comcast.com,FOUND,https://jobs.comcast.com/,https://jobs.comcast.com
t-mobile.com,FOUND,https://careers.t-mobile.com,https://t-mobile.com/careers
cox.com,FOUND,https://jobs.cox.com/,https://jobs.cox.com
nbcuniversal.com,FOUND,https://www.nbcuniversal.com/careers,https://nbcuniversal.com/careers
att.com,FOUND,https://www.att.jobs/,https://att.com/jobs
thewaltdisneycompany.com,FOUND,https://jobs.ashbyhq.com/thewaltdisneycompany,https://jobs.ashbyhq.com/thewaltdisneycompany
paramount.com,FOUND,https://careers.paramount.com/,https://careers.paramount.com
netflix.com,FOUND,https://jobs.netflix.com/,https://jobs.netflix.com
verizon.com,FOUND,https://jobs.ashbyhq.com/verizon,https://jobs.ashbyhq.com/verizon
jll.com,FOUND,https://www.jll.com/en-us/careers/,https://jll.com/careers
cushmanwakefield.com,FOUND,https://www.cushmanwakefield.com/en,https://cushmanwakefield.com/careers
cbre.com,FOUND,https://jobs.ashbyhq.com/cbre,https://jobs.ashbyhq.com/cbre
foxcorporation.com,FOUND,https://jobs.ashbyhq.com/foxcorporation,https://jobs.ashbyhq.com/foxcorporation
hilton.com,FOUND,https://jobs.hilton.com/us/en,https://jobs.hilton.com
chick-fil-a.com,FOUND,https://jobs.chick-fil-a.com/,https://jobs.chick-fil-a.com
choicehotels.com,FOUND,https://careers.choicehotels.com/,https://careers.choicehotels.com
wyndhamhotels.com,FOUND,https://careers.wyndhamhotels.com/,https://careers.wyndhamhotels.com
kbhome.com,FOUND,https://www.kbhome.com/careers,https://kbhome.com/careers
lennar.com,FOUND,https://careers.lennar.com/,https://careers.lennar.com
aecom.com,FOUND,https://aecom.com/careers/,https://aecom.com/careers
fluor.com,FOUND,https://www.fluor.com/careers,https://fluor.com/careers
bechtel.com,FOUND,https://www.bechtel.com/careers/,https://bechtel.com/careers
pultegroup.com,FOUND,https://jobs.ashbyhq.com/pultegroup,https://jobs.ashbyhq.com/pultegroup
pwc.com,FOUND,https://www.pwc.com/us/en/careers.html,https://pwc.com/careers
kpmg.com,FOUND,https://kpmg.com/xx/en/careers.html,https://kpmg.com/careers
ey.com,FOUND,https://www.ey.com/en_gl/careers,https://ey.com/careers
accenture.com,FOUND,https://www.accenture.com/us-en/careers,https://accenture.com/careers
deloitte.com,FOUND,https://www.deloitte.com/global/en/services/tax/about/technology-roles-deloitte-tax.html,https://deloitte.com/careers
tollbrothers.com,FOUND,https://jobs.ashbyhq.com/tollbrothers,https://jobs.ashbyhq.com/tollbrothers
bain.com,FOUND,https://www.bain.com/careers,https://bain.com/careers
boozallen.com,FOUND,https://www.boozallen.com/careers.html,https://boozallen.com/careers
apple.com,FOUND,https://www.apple.com/careers/us/,https://apple.com/careers
united.com,FOUND,https://careers.united.com/us/en,https://careers.united.com
microsoft.com,FOUND,https://careers.microsoft.com/v2/global/en/home.html,https://careers.microsoft.com
google.com,FOUND,https://www.google.com/about/careers/applications/,https://google.com/careers
penske.com,FOUND,https://jobs.ashbyhq.com/penske,https://jobs.ashbyhq.com/penske
netflix.com,FOUND,https://jobs.netflix.com/,https://jobs.netflix.com
wbd.com,FOUND,https://careers.wbd.com:443/global/en,https://wbd.com/careers
amazon.com,FOUND,https://jobs.ashbyhq.com/amazon,https://jobs.ashbyhq.com/amazon
csx.com,FOUND,https://jobs.ashbyhq.com/csx,https://jobs.ashbyhq.com/csx
ibm.com,FOUND,https://www.ibm.com/careers,https://ibm.com/careers
bcg.com,FOUND,https://alumnijobs.bcg.com/login/?autostop[0]=okta,https://jobs.bcg.com
oracle.com,FOUND,https://www.oracle.com/careers/,https://oracle.com/careers
salesforce.com,FOUND,https://www.salesforce.com/company/careers/,https://salesforce.com/careers
amd.com,FOUND,https://www.amd.com/en/corporate/careers.html?utm_campaign=careers&utm_medium=redirect&utm_source=301,https://amd.com/careers
capgemini.com,FOUND,https://www.capgemini.com/careers/,https://capgemini.com/careers
nvidia.com,FOUND,https://www.nvidia.com/en-us/about-nvidia/careers/,https://nvidia.com/careers
meta.com,FOUND,https://www.metacareers.com/?utm_source=meta.com&utm_medium=redirect,https://meta.com/careers
cognizant.com,FOUND,https://jobs.ashbyhq.com/cognizant,https://jobs.ashbyhq.com/cognizant
cisco.com,FOUND,https://www.cisco.com/careers/,https://cisco.com/careers
dell.com,FOUND,https://jobs.dell.com/en,https://jobs.dell.com
qualcomm.com,FOUND,https://www.qualcomm.com/company/careers,https://qualcomm.com/careers
workday.com,FOUND,https://www.workday.com/en-us/company/careers/overview.html,https://workday.com/careers
mongodb.com,FOUND,https://www.mongodb.com/company/careers,https://mongodb.com/careers
databricks.com,FOUND,https://www.databricks.com/company/careers,https://databricks.com/careers
atlassian.com,FOUND,https://www.atlassian.com/company/careers,https://atlassian.com/careers
gitlab.com,FOUND,https://about.gitlab.com/jobs/,https://jobs.gitlab.com
zoom.us,FOUND,https://explore.zoom.us/en/careers/,https://zoom.us/careers
datadoghq.com,FOUND,https://careers.datadoghq.com,https://datadoghq.com/careers
docusign.com,FOUND,https://careers.docusign.com/,https://docusign.com/careers
shopify.com,FOUND,https://www.shopify.com/careers,https://shopify.com/careers
twilio.com,FOUND,https://jobs.twilio.com/careers,https://twilio.com/careers
squareup.com,FOUND,https://careers.squareup.com/us/en,https://squareup.com/careers
okta.com,FOUND,https://www.okta.com/company/careers/,https://okta.com/careers
intuit.com,FOUND,https://jobs.intuit.com/,https://jobs.intuit.com
crowdstrike.com,FOUND,https://www.crowdstrike.com/en-us/careers/,https://crowdstrike.com/careers
paloaltonetworks.com,FOUND,https://jobs.paloaltonetworks.com/en,https://paloaltonetworks.com/careers
cloudflare.com,FOUND,https://www.cloudflare.com/careers/,https://cloudflare.com/careers
drhorton.com,FOUND,https://jobs.ashbyhq.com/drhorton,https://jobs.ashbyhq.com/drhorton
airtable.com,FOUND,https://airtable.com/careers,https://airtable.com/careers
intel.com,FOUND,https://jobs.ashbyhq.com/intel,https://jobs.ashbyhq.com/intel
notion.so,FOUND,https://www.notion.so/careers,https://notion.so/careers
scale.com,FOUND,https://scale.com/careers,https://scale.com/careers
anthropic.com,FOUND,https://www.anthropic.com/careers,https://anthropic.com/careers
figma.com,FOUND,https://www.figma.com/careers/,https://figma.com/careers
huggingface.co,FOUND,https://apply.workable.com/huggingface,https://huggingface.co/careers
zapier.com,FOUND,https://zapier.com/jobs,https://zapier.com/jobs
mgmresorts.com,FOUND,https://jobs.ashbyhq.com/mgmresorts,https://jobs.ashbyhq.com/mgmresorts
snowflake.com,FOUND,https://careers.snowflake.com/us/en,https://careers.snowflake.com
openai.com,FOUND,https://jobs.ashbyhq.com/openai,https://jobs.ashbyhq.com/openai
amplitude.com,FOUND,https://amplitude.com/careers,https://amplitude.com/careers
ups.com,FOUND,https://jobs.ashbyhq.com/ups,https://jobs.ashbyhq.com/ups
retool.com,FOUND,https://retool.com/careers,https://retool.com/careers
mckinsey.com,FOUND,https://jobs.mckinsey.com/,https://jobs.mckinsey.com
canva.com,FOUND,https://jobs.ashbyhq.com/canva,https://jobs.ashbyhq.com/canva
gong.io,FOUND,https://www.gong.io:443/careers,https://gong.io/careers
greenhouse.io,FOUND,https://www.greenhouse.com/careers,https://greenhouse.io/careers
outreach.io,FOUND,https://www.outreach.io/company/working-at-outreach,https://outreach.io/careers
zoominfo.com,FOUND,https://www.zoominfo.com/careers,https://zoominfo.com/careers
hubspot.com,FOUND,https://www.hubspot.com/careers,https://hubspot.com/careers
segment.com,FOUND,https://jobs.twilio.com/careers,https://segment.com/careers
uipath.com,FOUND,https://www.uipath.com/careers,https://uipath.com/careers
flexport.com,FOUND,https://www.flexport.com/careers,https://flexport.com/careers
fortinet.com,FOUND,https://www.fortinet.com/corporate/careers,https://jobs.fortinet.com
convoy.com,FOUND,https://convoy.com/,https://convoy.com/careers
procore.com,FOUND,https://careers.procore.com/,https://procore.com/careers
zapier.com,FOUND,https://zapier.com/jobs,https://zapier.com/jobs
workato.com,FOUND,https://www.workato.com/careers,https://workato.com/careers
miro.com,FOUND,https://miro.com/careers/,https://miro.com/careers
toasttab.com,FOUND,https://careers.toasttab.com/,https://careers.toasttab.com
lucid.co,FOUND,https://lucid.co/careers,https://lucid.co/careers
linear.app,FOUND,https://linear.app/careers,https://linear.app/careers
asana.com,FOUND,https://asana.com/jobs,https://asana.com/careers
clickup.com,FOUND,https://clickup.com/careers,https://clickup.com/careers
coda.io,FOUND,https://coda.io/about/jobs,https://coda.io/careers
monday.com,FOUND,https://monday.com/careers,https://monday.com/careers
latticeapp.com,FOUND,https://jobs.ashbyhq.com/latticeapp,https://jobs.ashbyhq.com/latticeapp
paylocity.com,FOUND,https://www.paylocity.com/company/careers/,https://paylocity.com/careers
samsara.com,FOUND,https://www.samsara.com/company/careers,https://samsara.com/careers
automationanywhere.com,FOUND,https://jobs.ashbyhq.com/automationanywhere,https://jobs.ashbyhq.com/automationanywhere
remote.com,FOUND,https://remote.com/careers,https://remote.com/careers
ukg.com,FOUND,https://apply.ukg.com/careers,https://careers.ukg.com
ceridian.com,FOUND,https://www.dayforce.com/who-we-are/careers,https://ceridian.com/careers
justworks.com,FOUND,https://jobs.ashbyhq.com/justworks,https://jobs.ashbyhq.com/justworks
deel.com,FOUND,https://www.deel.com/careers/,https://deel.com/careers
opendoor.com,FOUND,https://www.opendoor.com/careers,https://opendoor.com/careers
oysterhr.com,FOUND,https://www.oysterhr.com/careers,https://oysterhr.com/careers
trinet.com,FOUND,https://jobs.trinet.com/careers,https://jobs.trinet.com
paycom.com,FOUND,https://jobs.ashbyhq.com/paycom,https://jobs.ashbyhq.com/paycom
compass.com,FOUND,https://www.compass.com/careers/,https://compass.com/careers
adobe.com,FOUND,https://careers.adobe.com/us/en,https://careers.adobe.com
booking.com,FOUND,https://www.booking.com/careers,https://booking.com/careers
airbnb.com,FOUND,https://careers.airbnb.com,https://airbnb.com/careers
blueprism.com,FOUND,https://www.blueprism.com/,https://blueprism.com/careers
hioscar.com,FOUND,https://www.hioscar.com/careers,https://hioscar.com/careers
cerner.com,FOUND,https://www.oracle.com/careers/,https://careers.cerner.com
expedia.com,FOUND,https://jobs.ashbyhq.com/expedia,https://jobs.ashbyhq.com/expedia
ro.co,FOUND,https://ro.co/careers/,https://ro.co/careers
zillow.com,FOUND,https://jobs.ashbyhq.com/zillow,https://jobs.ashbyhq.com/zillow
epic.com,FOUND,https://careers.epic.com/,https://epic.com/careers
springhealth.com,FOUND,https://www.springhealth.com/careers,https://springhealth.com/careers
modernhealth.com,FOUND,https://www.modernhealth.com/careers,https://modernhealth.com/careers
vrbo.com,FOUND,https://jobs.ashbyhq.com/vrbo,https://jobs.ashbyhq.com/vrbo
lever.co,FOUND,https://www.lever.co/,https://jobs.lever.co
tonal.com,FOUND,https://tonal.com/pages/careers,https://tonal.com/careers
onepeloton.com,FOUND,https://careers.onepeloton.com/en/,https://onepeloton.com/careers
lyrahealth.com,FOUND,https://careers.lyrahealth.com/,https://lyrahealth.com/careers
calm.com,FOUND,https://www.calm.com/careers,https://calm.com/careers
noom.com,FOUND,https://www.noom.com/careers/job-listings/,https://noom.com/careers
headspace.com,FOUND,https://www.headspace.com/join-us,https://headspace.com/careers
forhims.com,FOUND,https://jobs.ashbyhq.com/forhims,https://jobs.ashbyhq.com/forhims
ww.com,FOUND,https://www.weightwatchers.com/us/ww-corporate-careers,https://ww.com/careers
mirror.co,FOUND,https://jobs.lever.co/mirror,https://jobs.lever.co/mirror
paychex.com,FOUND,https://careers.paychex.com/careers,https://paychex.com/careers
redfin.com,FOUND,https://careers.redfin.com/us/en,https://redfin.com/careers
adp.com,FOUND,https://jobs.ashbyhq.com/adp,https://jobs.ashbyhq.com/adp
athenahealth.com,FOUND,https://careers.athenahealth.com/us/en,https://careers.athenahealth.com
servicenow.com,FOUND,https://jobs.ashbyhq.com/servicenow,https://jobs.ashbyhq.com/servicenow
corning.com,FOUND,https://jobs.ashbyhq.com/corning,https://jobs.ashbyhq.com/corning
charter.com,FOUND,https://jobs.ashbyhq.com/charter,https://jobs.ashbyhq.com/charter
